{
  "Logistic Regression": {
    "accuracy": 0.54795,
    "precision": 0.1630248500428449,
    "recall": 0.5536558748635868,
    "f1": 0.2518824989656599,
    "auc": 0.5704830503233251,
    "train_accuracy": 0.55238125,
    "overfitting_gap": 0.004431249999999998
  },
  "Random Forest": {
    "accuracy": 0.474725,
    "precision": 0.1572318706085112,
    "recall": 0.6471444161513278,
    "f1": 0.25299534255341843,
    "auc": 0.5667431561002712,
    "train_accuracy": 0.48005,
    "overfitting_gap": 0.005324999999999969
  }
}