{
  "Logistic Regression": {
    "accuracy": 0.54795,
    "precision": 0.1630248500428449,
    "recall": 0.5536558748635868,
    "f1": 0.2518824989656599,
    "auc": 0.5704785482883525,
    "train_accuracy": 0.55238125,
    "overfitting_gap": 0.004431249999999998
  },
  "Random Forest": {
    "accuracy": 0.487875,
    "precision": 0.15840816884715322,
    "recall": 0.6320480174608949,
    "f1": 0.2533260433752506,
    "auc": 0.5644441292082771,
    "train_accuracy": 0.49258125,
    "overfitting_gap": 0.004706250000000023
  }
}